{"train_set_before_training": 0.35, "global_step": 5001, "average_loss": 0.026643182835020696, "train_set_after_training": 0.61, "test_set_after_training": {"acc": 0.4583333333333333}}